No.,Time,Source,Destination,Protocol,Length,Win
1,0,10.0.0.3,10.0.0.2,TCP,74,29200
2,0.940928,10.0.0.1,10.0.0.2,TCP,74,29200
3,1.09842,10.0.0.2,10.0.0.1,TCP,74,28960
4,1.149058,10.0.0.1,10.0.0.2,TCP,66,29696
5,1.166515,10.0.0.1,10.0.0.2,TCP,2114,29696
6,1.178613,10.0.0.1,10.0.0.2,TCP,1514,29696
7,1.191504,10.0.0.1,10.0.0.2,TCP,1514,29696
8,1.214977,10.0.0.1,10.0.0.2,TCP,2962,29696
9,1.227163,10.0.0.1,10.0.0.2,TCP,1514,29696
10,1.251779,10.0.0.1,10.0.0.2,TCP,2962,29696
11,1.26343,10.0.0.1,10.0.0.2,TCP,1514,29696
12,1.317733,10.0.0.2,10.0.0.1,TCP,66,33280
13,1.34982,10.0.0.2,10.0.0.1,TCP,66,36352
14,1.362485,10.0.0.2,10.0.0.1,TCP,66,38912
15,1.393175,10.0.0.1,10.0.0.2,TCP,2962,29696
16,1.397834,10.0.0.2,10.0.0.1,TCP,66,45056
17,1.412073,10.0.0.1,10.0.0.2,TCP,1514,29696
18,1.425026,10.0.0.1,10.0.0.2,TCP,1514,29696
19,1.446346,10.0.0.2,10.0.0.1,TCP,66,47616
20,1.472318,10.0.0.1,10.0.0.2,TCP,2962,29696
21,1.482381,10.0.0.2,10.0.0.1,TCP,66,53760
22,1.508092,10.0.0.2,10.0.0.1,TCP,66,56320
23,1.508557,10.0.0.1,10.0.0.2,TCP,1514,29696
24,1.55674,10.0.0.1,10.0.0.2,TCP,2962,29696
25,1.571148,10.0.0.1,10.0.0.2,TCP,1514,29696
26,1.66407,10.0.0.2,10.0.0.1,TCP,66,62464
27,1.712569,10.0.0.2,10.0.0.1,TCP,66,65024
28,1.724586,10.0.0.2,10.0.0.1,TCP,66,68096
29,1.738399,10.0.0.1,10.0.0.2,TCP,2962,29696
30,1.775115,10.0.0.1,10.0.0.2,TCP,1514,29696
31,1.785941,10.0.0.2,10.0.0.1,TCP,66,73728
32,1.7873,10.0.0.1,10.0.0.2,TCP,1514,29696
33,1.857912,10.0.0.2,10.0.0.1,TCP,66,76800
34,1.860535,10.0.0.1,10.0.0.2,TCP,2962,29696
35,1.920654,10.0.0.1,10.0.0.2,TCP,1514,29696
36,1.920636,10.0.0.2,10.0.0.1,TCP,66,82432
37,1.943149,10.0.0.2,10.0.0.1,TCP,66,85504
38,1.995783,10.0.0.1,10.0.0.2,TCP,2962,29696
39,2.007138,10.0.0.1,10.0.0.2,TCP,1514,29696
40,2.020314,10.0.0.1,10.0.0.2,TCP,1514,29696
41,2.124316,10.0.0.2,10.0.0.1,TCP,66,91136
42,2.19698,10.0.0.2,10.0.0.1,TCP,66,94208
43,2.209193,10.0.0.2,10.0.0.1,TCP,66,96768
44,2.271417,10.0.0.1,10.0.0.2,TCP,1514,29696
45,2.294779,10.0.0.2,10.0.0.1,TCP,66,102912
46,2.369111,10.0.0.1,10.0.0.2,TCP,2962,29696
47,2.39156,10.0.0.2,10.0.0.1,TCP,66,105472
49,2.475609,10.0.0.2,10.0.0.1,TCP,66,111616
50,2.499828,10.0.0.2,10.0.0.1,TCP,66,114176
51,2.536205,10.0.0.2,10.0.0.1,TCP,66,117248
52,2.562072,10.0.0.1,10.0.0.2,TCP,1514,29696
53,2.598542,10.0.0.1,10.0.0.2,TCP,1514,29696
54,2.802763,10.0.0.2,10.0.0.1,TCP,78,120320
55,2.865038,10.0.0.1,10.0.0.2,TCP,1514,29696
56,2.912374,10.0.0.2,10.0.0.1,TCP,78,125952
57,2.9746,10.0.0.1,10.0.0.2,TCP,1514,29696
58,3.008493,10.0.0.2,10.0.0.1,TCP,78,129024
59,3.070747,10.0.0.1,10.0.0.2,TCP,1514,29696
60,3.093328,10.0.0.2,10.0.0.1,TCP,86,131584
61,3.130975,10.0.0.2,10.0.0.1,TCP,86,134656
62,3.155552,10.0.0.1,10.0.0.2,TCP,1514,29696
63,3.193206,10.0.0.1,10.0.0.2,TCP,1514,29696
64,3.205378,10.0.0.1,10.0.0.2,TCP,1514,29696
65,3.373803,10.0.0.2,10.0.0.1,TCP,86,137728
66,3.43604,10.0.0.1,10.0.0.2,TCP,1514,29696
67,3.493336,10.0.0.2,10.0.0.1,TCP,86,140288
68,3.602726,10.0.0.2,10.0.0.1,TCP,78,143360
69,3.664925,10.0.0.1,10.0.0.2,TCP,1514,29696
70,3.711001,10.0.0.2,10.0.0.1,TCP,78,146432
71,3.748396,10.0.0.2,10.0.0.1,TCP,78,148992
72,3.760228,10.0.0.2,10.0.0.1,TCP,78,152064
73,3.773207,10.0.0.1,10.0.0.2,TCP,1514,29696
74,3.81096,10.0.0.1,10.0.0.2,TCP,1514,29696
75,3.822773,10.0.0.1,10.0.0.2,TCP,1514,29696
76,3.991019,10.0.0.2,10.0.0.1,TCP,78,155136
77,4.053404,10.0.0.1,10.0.0.2,TCP,1514,29696
78,4.208512,10.0.0.2,10.0.0.1,TCP,86,157696
79,4.27074,10.0.0.1,10.0.0.2,TCP,1514,29696
80,4.32881,10.0.0.2,10.0.0.1,TCP,86,160768
81,4.365266,10.0.0.2,10.0.0.1,TCP,86,163840
82,4.377392,10.0.0.2,10.0.0.1,TCP,86,166400
83,4.391156,10.0.0.1,10.0.0.2,TCP,1514,29696
84,4.427498,10.0.0.1,10.0.0.2,TCP,1514,29696
85,4.439578,10.0.0.1,10.0.0.2,TCP,1514,29696
86,4.451754,10.0.0.1,10.0.0.2,TCP,1514,29696
87,4.607919,10.0.0.2,10.0.0.1,TCP,86,169472
88,4.670135,10.0.0.1,10.0.0.2,TCP,1514,29696
89,4.81355,10.0.0.2,10.0.0.1,TCP,86,170496
90,4.876498,10.0.0.1,10.0.0.2,TCP,1514,29696
91,4.946419,10.0.0.2,10.0.0.1,TCP,78,170496
92,4.982872,10.0.0.2,10.0.0.1,TCP,66,170496
93,5.008647,10.0.0.1,10.0.0.2,TCP,1514,29696
94,5.019099,10.0.0.2,10.0.0.1,TCP,78,170496
95,5.031228,10.0.0.2,10.0.0.1,TCP,78,170496
96,5.045119,10.0.0.1,10.0.0.2,TCP,1514,29696
97,5.262184,10.0.0.2,10.0.0.1,TCP,78,170496
98,5.324461,10.0.0.1,10.0.0.2,TCP,1514,29696
99,5.468179,10.0.0.2,10.0.0.1,TCP,78,170496
100,5.530402,10.0.0.1,10.0.0.2,TCP,1514,29696
101,5.589136,10.0.0.2,10.0.0.1,TCP,78,170496
102,5.626364,10.0.0.2,10.0.0.1,TCP,78,170496
103,5.650171,10.0.0.2,10.0.0.1,TCP,66,170496
104,5.651391,10.0.0.1,10.0.0.2,TCP,1514,29696
105,5.681809,10.0.0.2,10.0.0.1,TCP,66,170496
106,5.688666,10.0.0.1,10.0.0.2,TCP,1514,29696
107,5.712559,10.0.0.1,10.0.0.2,TCP,1514,29696
108,5.756178,10.0.0.1,10.0.0.2,TCP,2962,29696
109,5.803206,10.0.0.2,10.0.0.1,TCP,66,170496
110,5.840463,10.0.0.2,10.0.0.1,TCP,66,170496
111,5.864125,10.0.0.2,10.0.0.1,TCP,66,170496
112,5.866183,10.0.0.1,10.0.0.2,TCP,1514,29696
113,5.902698,10.0.0.1,10.0.0.2,TCP,1514,29696
114,5.907283,10.0.0.2,10.0.0.1,TCP,66,170496
115,5.926432,10.0.0.1,10.0.0.2,TCP,1514,29696
116,5.981635,10.0.0.1,10.0.0.2,TCP,2962,29696
117,6.017794,10.0.0.2,10.0.0.1,TCP,66,170496
118,6.05313,10.0.0.2,10.0.0.1,TCP,66,170496
119,6.078181,10.0.0.2,10.0.0.1,TCP,66,170496
120,6.080635,10.0.0.1,10.0.0.2,TCP,1514,29696
121,6.116311,10.0.0.1,10.0.0.2,TCP,1514,29696
122,6.132371,10.0.0.2,10.0.0.1,TCP,66,170496
123,6.141394,10.0.0.1,10.0.0.2,TCP,1514,29696
124,6.206738,10.0.0.1,10.0.0.2,TCP,2962,29696
125,6.21901,10.0.0.1,10.0.0.2,TCP,1514,29696
126,6.232101,10.0.0.2,10.0.0.1,TCP,66,170496
127,6.267795,10.0.0.2,10.0.0.1,TCP,66,170496
128,6.292171,10.0.0.2,10.0.0.1,TCP,66,170496
129,6.294409,10.0.0.1,10.0.0.2,TCP,1514,29696
130,6.330341,10.0.0.1,10.0.0.2,TCP,1514,29696
131,6.354423,10.0.0.1,10.0.0.2,TCP,1514,29696
132,6.35814,10.0.0.2,10.0.0.1,TCP,66,170496
133,6.369725,10.0.0.2,10.0.0.1,TCP,66,170496
134,6.433231,10.0.0.1,10.0.0.2,TCP,2962,29696
135,6.444642,10.0.0.1,10.0.0.2,TCP,1514,29696
136,6.444862,10.0.0.2,10.0.0.1,TCP,66,170496
137,6.504822,10.0.0.2,10.0.0.1,TCP,66,170496
138,6.507118,10.0.0.1,10.0.0.2,TCP,1514,29696
139,6.579251,10.0.0.1,10.0.0.2,TCP,2962,29696
140,6.583719,10.0.0.2,10.0.0.1,TCP,66,170496
141,6.63686,10.0.0.2,10.0.0.1,TCP,66,170496
142,6.658516,10.0.0.1,10.0.0.2,TCP,2962,29696
143,6.71124,10.0.0.1,10.0.0.2,TCP,2962,29696
144,6.729634,10.0.0.2,10.0.0.1,TCP,66,170496
145,6.804081,10.0.0.1,10.0.0.2,TCP,2962,29696
146,6.812158,10.0.0.2,10.0.0.1,TCP,66,170496
147,6.862354,10.0.0.2,10.0.0.1,TCP,66,170496
148,6.886544,10.0.0.1,10.0.0.2,TCP,2962,29696
149,6.93679,10.0.0.1,10.0.0.2,TCP,2962,29696
150,6.954461,10.0.0.2,10.0.0.1,TCP,66,170496
151,7.029815,10.0.0.1,10.0.0.2,TCP,2962,29696
152,7.037143,10.0.0.2,10.0.0.1,TCP,66,170496
153,7.088266,10.0.0.2,10.0.0.1,TCP,66,170496
154,7.162632,10.0.0.1,10.0.0.2,TCP,2962,29696
155,7.180444,10.0.0.2,10.0.0.1,TCP,66,170496
156,7.187747,10.0.0.1,10.0.0.2,TCP,2962,29696
157,7.242672,10.0.0.1,10.0.0.2,TCP,1514,29696
158,7.313047,10.0.0.2,10.0.0.1,TCP,78,170496
159,7.338448,10.0.0.2,10.0.0.1,TCP,78,170496
160,7.375361,10.0.0.1,10.0.0.2,TCP,1514,29696
161,7.393317,10.0.0.2,10.0.0.1,TCP,78,170496
162,7.400773,10.0.0.1,10.0.0.2,TCP,1514,29696
163,7.425772,10.0.0.1,10.0.0.2,TCP,2962,29696
164,7.455599,10.0.0.1,10.0.0.2,TCP,1514,29696
165,7.527572,10.0.0.2,10.0.0.1,TCP,78,170496
166,7.551507,10.0.0.2,10.0.0.1,TCP,66,170496
167,7.578311,10.0.0.2,10.0.0.1,TCP,66,170496
168,7.589944,10.0.0.1,10.0.0.2,TCP,1514,29696
169,7.606124,10.0.0.2,10.0.0.1,TCP,66,170496
170,7.613748,10.0.0.1,10.0.0.2,TCP,1514,29696
171,7.652725,10.0.0.1,10.0.0.2,TCP,2962,29696
172,7.680469,10.0.0.1,10.0.0.2,TCP,2962,29696
173,7.741225,10.0.0.2,10.0.0.1,TCP,66,170496
174,7.765453,10.0.0.2,10.0.0.1,TCP,66,170496
175,7.803206,10.0.0.2,10.0.0.1,TCP,66,170496
176,7.816532,10.0.0.1,10.0.0.2,TCP,2962,29696
177,7.828266,10.0.0.1,10.0.0.2,TCP,1514,29696
178,7.831116,10.0.0.2,10.0.0.1,TCP,66,170496
179,7.877554,10.0.0.1,10.0.0.2,TCP,2962,29696
180,7.905557,10.0.0.1,10.0.0.2,TCP,2962,29696
181,7.968158,10.0.0.2,10.0.0.1,TCP,66,170496
182,7.978967,10.0.0.2,10.0.0.1,TCP,66,170496
183,8.028036,10.0.0.2,10.0.0.1,TCP,66,170496
184,8.042562,10.0.0.1,10.0.0.2,TCP,2962,29696
185,8.055945,10.0.0.2,10.0.0.1,TCP,66,170496
186,8.066797,10.0.0.1,10.0.0.2,TCP,2962,29696
187,8.103374,10.0.0.1,10.0.0.2,TCP,2962,29696
188,8.130284,10.0.0.1,10.0.0.2,TCP,2962,29696
189,8.193083,10.0.0.2,10.0.0.1,TCP,66,170496
190,8.217306,10.0.0.2,10.0.0.1,TCP,66,170496
191,8.25505,10.0.0.2,10.0.0.1,TCP,66,170496
192,8.267463,10.0.0.1,10.0.0.2,TCP,2962,29696
193,8.280678,10.0.0.2,10.0.0.1,TCP,66,170496
194,8.29247,10.0.0.1,10.0.0.2,TCP,2962,29696
195,8.329437,10.0.0.1,10.0.0.2,TCP,2962,29696
196,8.355429,10.0.0.1,10.0.0.2,TCP,2962,29696
197,8.418488,10.0.0.2,10.0.0.1,TCP,66,170496
198,8.443877,10.0.0.2,10.0.0.1,TCP,66,170496
199,8.479824,10.0.0.2,10.0.0.1,TCP,66,170496
200,8.492881,10.0.0.1,10.0.0.2,TCP,2962,29696
201,8.506295,10.0.0.2,10.0.0.1,TCP,66,170496
202,8.518282,10.0.0.1,10.0.0.2,TCP,2962,29696
203,8.554254,10.0.0.1,10.0.0.2,TCP,2962,29696
204,8.580648,10.0.0.1,10.0.0.2,TCP,2962,29696
205,8.643447,10.0.0.2,10.0.0.1,TCP,66,170496
206,8.668865,10.0.0.2,10.0.0.1,TCP,66,170496
207,8.705082,10.0.0.2,10.0.0.1,TCP,66,170496
208,8.717922,10.0.0.1,10.0.0.2,TCP,2962,29696
209,8.731136,10.0.0.2,10.0.0.1,TCP,66,170496
210,8.743287,10.0.0.1,10.0.0.2,TCP,2962,29696
211,8.805502,10.0.0.1,10.0.0.2,TCP,2962,29696
212,8.869247,10.0.0.2,10.0.0.1,TCP,66,170496
213,8.893923,10.0.0.2,10.0.0.1,TCP,66,170496
214,8.944522,10.0.0.1,10.0.0.2,TCP,2962,29696
215,8.957583,10.0.0.2,10.0.0.1,TCP,78,170496
216,8.968334,10.0.0.1,10.0.0.2,TCP,2962,29696
217,9.020518,10.0.0.1,10.0.0.2,TCP,1514,29696
218,9.095352,10.0.0.2,10.0.0.1,TCP,78,170496
219,9.118833,10.0.0.2,10.0.0.1,TCP,78,170496
220,9.157719,10.0.0.1,10.0.0.2,TCP,1514,29696
221,9.170963,10.0.0.1,10.0.0.2,TCP,1514,29696
222,9.170987,10.0.0.2,10.0.0.1,TCP,78,170496
223,9.194075,10.0.0.1,10.0.0.2,TCP,2962,29696
224,9.234355,10.0.0.1,10.0.0.2,TCP,1514,29696
225,9.30817,10.0.0.2,10.0.0.1,TCP,66,170496
226,9.322526,10.0.0.2,10.0.0.1,TCP,66,170496
227,9.346127,10.0.0.2,10.0.0.1,TCP,66,170496
228,9.37064,10.0.0.1,10.0.0.2,TCP,1514,29696
229,9.385226,10.0.0.2,10.0.0.1,TCP,66,170496
230,9.39694,10.0.0.1,10.0.0.2,TCP,2962,29696
231,9.421106,10.0.0.1,10.0.0.2,TCP,2962,29696
232,9.447497,10.0.0.1,10.0.0.2,TCP,1514,29696
233,9.521301,10.0.0.2,10.0.0.1,TCP,66,170496
234,9.54755,10.0.0.2,10.0.0.1,TCP,66,170496
235,9.57175,10.0.0.2,10.0.0.1,TCP,66,170496
236,9.596567,10.0.0.1,10.0.0.2,TCP,2962,29696
237,9.597842,10.0.0.2,10.0.0.1,TCP,66,170496
238,9.622866,10.0.0.1,10.0.0.2,TCP,2962,29696
239,9.647197,10.0.0.1,10.0.0.2,TCP,2962,29696
240,9.660595,10.0.0.1,10.0.0.2,TCP,1514,29696
241,9.747658,10.0.0.2,10.0.0.1,TCP,66,170496
242,9.774592,10.0.0.2,10.0.0.1,TCP,66,170496
243,9.797854,10.0.0.2,10.0.0.1,TCP,66,170496
244,9.811098,10.0.0.2,10.0.0.1,TCP,66,170496
245,9.822923,10.0.0.1,10.0.0.2,TCP,2962,29696
246,9.848952,10.0.0.1,10.0.0.2,TCP,2962,29696
247,9.87318,10.0.0.1,10.0.0.2,TCP,2962,29696
248,9.89742,10.0.0.1,10.0.0.2,TCP,2962,29696
249,9.974689,10.0.0.2,10.0.0.1,TCP,66,170496
250,9.99939,10.0.0.2,10.0.0.1,TCP,66,170496
251,10.024928,10.0.0.2,10.0.0.1,TCP,66,170496
252,10.049438,10.0.0.1,10.0.0.2,TCP,2962,29696
253,10.049421,10.0.0.2,10.0.0.1,TCP,66,170496
254,10.0738,10.0.0.1,10.0.0.2,TCP,2962,29696
255,10.099314,10.0.0.1,10.0.0.2,TCP,2962,29696
256,10.123877,10.0.0.1,10.0.0.2,TCP,2962,29696
257,10.19982,10.0.0.2,10.0.0.1,TCP,66,170496
258,10.224357,10.0.0.2,10.0.0.1,TCP,66,170496
259,10.249886,10.0.0.2,10.0.0.1,TCP,66,170496
260,10.274178,10.0.0.1,10.0.0.2,TCP,2962,29696
261,10.274461,10.0.0.2,10.0.0.1,TCP,66,170496
262,10.298794,10.0.0.1,10.0.0.2,TCP,2962,29696
263,10.324319,10.0.0.1,10.0.0.2,TCP,2962,29696
264,10.349206,10.0.0.1,10.0.0.2,TCP,2962,29696
265,10.426104,10.0.0.2,10.0.0.1,TCP,66,170496
266,10.449974,10.0.0.2,10.0.0.1,TCP,66,170496
267,10.476291,10.0.0.2,10.0.0.1,TCP,66,170496
268,10.500171,10.0.0.2,10.0.0.1,TCP,66,170496
269,10.524398,10.0.0.1,10.0.0.2,TCP,2962,29696
270,10.550688,10.0.0.1,10.0.0.2,TCP,2962,29696
271,10.574842,10.0.0.1,10.0.0.2,TCP,2962,29696
272,10.674916,10.0.0.2,10.0.0.1,TCP,78,170496
273,10.701246,10.0.0.2,10.0.0.1,TCP,78,170496
274,10.725249,10.0.0.2,10.0.0.1,TCP,78,170496
275,10.738338,10.0.0.1,10.0.0.2,TCP,1514,29696
276,10.763531,10.0.0.1,10.0.0.2,TCP,1514,29696
277,10.799638,10.0.0.1,10.0.0.2,TCP,2962,29696
278,10.888982,10.0.0.2,10.0.0.1,TCP,78,170496
279,10.914663,10.0.0.2,10.0.0.1,TCP,66,170496
280,10.950565,10.0.0.2,10.0.0.1,TCP,78,170496
281,10.951199,10.0.0.1,10.0.0.2,TCP,1514,29696
282,10.976938,10.0.0.1,10.0.0.2,TCP,1514,29696
283,11.024976,10.0.0.1,10.0.0.2,TCP,2962,29696
284,11.10166,10.0.0.2,10.0.0.1,TCP,78,170496
285,11.128264,10.0.0.2,10.0.0.1,TCP,78,170496
286,11.163942,10.0.0.1,10.0.0.2,TCP,1514,29696
287,11.177673,10.0.0.2,10.0.0.1,TCP,78,170496
288,11.240966,10.0.0.1,10.0.0.2,TCP,1514,29696
289,11.252231,10.0.0.1,10.0.0.2,TCP,1514,29696
290,11.314395,10.0.0.2,10.0.0.1,TCP,66,170496
291,11.376937,10.0.0.1,10.0.0.2,TCP,1514,29696
292,11.392386,10.0.0.2,10.0.0.1,TCP,66,170496
293,11.4042,10.0.0.2,10.0.0.1,TCP,66,170496
294,11.46695,10.0.0.1,10.0.0.2,TCP,2962,29696
295,11.478854,10.0.0.1,10.0.0.2,TCP,1514,29696
296,11.527692,10.0.0.2,10.0.0.1,TCP,66,170496
297,11.589966,10.0.0.1,10.0.0.2,TCP,1514,29696
298,11.619045,10.0.0.2,10.0.0.1,TCP,66,170496
299,11.629953,10.0.0.2,10.0.0.1,TCP,66,170496
300,11.692318,10.0.0.1,10.0.0.2,TCP,1514,29696
301,11.741324,10.0.0.2,10.0.0.1,TCP,66,170496
302,11.803563,10.0.0.1,10.0.0.2,TCP,1514,29696
303,11.843411,10.0.0.2,10.0.0.1,TCP,78,170496
304,11.905716,10.0.0.1,10.0.0.2,TCP,1514,29696
305,11.954738,10.0.0.2,10.0.0.1,TCP,78,170496
306,12.016991,10.0.0.1,10.0.0.2,TCP,1514,29696
307,12.05619,10.0.0.2,10.0.0.1,TCP,78,170496
308,12.118469,10.0.0.1,10.0.0.2,TCP,1514,29696
309,12.168707,10.0.0.2,10.0.0.1,TCP,78,170496
310,12.230972,10.0.0.1,10.0.0.2,TCP,1514,29696
311,12.268982,10.0.0.2,10.0.0.1,TCP,66,170496
312,12.331663,10.0.0.1,10.0.0.2,TCP,1514,29696
313,12.382336,10.0.0.2,10.0.0.1,TCP,66,170496
314,12.444815,10.0.0.1,10.0.0.2,TCP,1514,29696
315,12.456897,10.0.0.1,10.0.0.2,TCP,1514,29696
316,12.482653,10.0.0.2,10.0.0.1,TCP,66,170496
317,12.545877,10.0.0.1,10.0.0.2,TCP,1514,29696
318,12.596355,10.0.0.2,10.0.0.1,TCP,66,170496
319,12.608283,10.0.0.2,10.0.0.1,TCP,66,170496
320,12.658592,10.0.0.1,10.0.0.2,TCP,1514,29696
321,12.682816,10.0.0.1,10.0.0.2,TCP,2962,29696
322,12.696962,10.0.0.2,10.0.0.1,TCP,66,170496
323,12.75919,10.0.0.1,10.0.0.2,TCP,1514,29696
324,12.808984,10.0.0.2,10.0.0.1,TCP,66,170496
325,12.834065,10.0.0.2,10.0.0.1,TCP,66,170496
326,12.871354,10.0.0.1,10.0.0.2,TCP,1514,29696
327,12.908409,10.0.0.1,10.0.0.2,TCP,2962,29696
328,12.909505,10.0.0.2,10.0.0.1,TCP,66,170496
329,12.971743,10.0.0.1,10.0.0.2,TCP,1514,29696
330,13.022166,10.0.0.2,10.0.0.1,TCP,66,170496
331,13.058783,10.0.0.2,10.0.0.1,TCP,66,170496
332,13.084392,10.0.0.1,10.0.0.2,TCP,1514,29696
333,13.123065,10.0.0.2,10.0.0.1,TCP,66,170496
334,13.185266,10.0.0.1,10.0.0.2,TCP,1514,29696
335,13.234768,10.0.0.2,10.0.0.1,TCP,66,170496
336,13.298048,10.0.0.1,10.0.0.2,TCP,1514,29696
337,13.336339,10.0.0.2,10.0.0.1,TCP,78,170496
338,13.398674,10.0.0.1,10.0.0.2,TCP,1514,29696
339,13.449567,10.0.0.2,10.0.0.1,TCP,78,170496
340,13.511837,10.0.0.1,10.0.0.2,TCP,1514,29696
341,13.549936,10.0.0.2,10.0.0.1,TCP,78,170496
342,13.612193,10.0.0.1,10.0.0.2,TCP,1514,29696
343,13.663343,10.0.0.2,10.0.0.1,TCP,78,170496
344,13.72561,10.0.0.1,10.0.0.2,TCP,1514,29696
345,13.763662,10.0.0.2,10.0.0.1,TCP,66,170496
346,13.826378,10.0.0.1,10.0.0.2,TCP,1514,29696
347,13.876744,10.0.0.2,10.0.0.1,TCP,66,170496
348,13.93901,10.0.0.1,10.0.0.2,TCP,1514,29696
349,13.951107,10.0.0.1,10.0.0.2,TCP,1514,29696
350,13.977862,10.0.0.2,10.0.0.1,TCP,66,170496
351,14.040129,10.0.0.1,10.0.0.2,TCP,1514,29696
352,14.090278,10.0.0.2,10.0.0.1,TCP,66,170496
353,14.101573,10.0.0.2,10.0.0.1,TCP,66,170496
354,14.190548,10.0.0.2,10.0.0.1,TCP,66,170496
355,14.252782,10.0.0.1,10.0.0.2,TCP,1514,29696
356,14.40366,10.0.0.2,10.0.0.1,TCP,78,170496
357,14.879065,10.0.0.1,10.0.0.2,TCP,1514,29696
358,15.029797,10.0.0.2,10.0.0.1,TCP,78,170496
359,15.093117,10.0.0.1,10.0.0.2,TCP,1514,29696
360,15.244352,10.0.0.2,10.0.0.1,TCP,78,170496
361,15.306595,10.0.0.1,10.0.0.2,TCP,1514,29696
362,15.457435,10.0.0.2,10.0.0.1,TCP,78,170496
363,15.506157,10.0.0.1,10.0.0.2,TCP,1514,29696
364,15.657518,10.0.0.2,10.0.0.1,TCP,66,170496
365,15.719762,10.0.0.1,10.0.0.2,TCP,1514,29696
366,15.731868,10.0.0.1,10.0.0.2,TCP,1514,29696
367,15.870204,10.0.0.2,10.0.0.1,TCP,66,170496
368,15.882258,10.0.0.2,10.0.0.1,TCP,78,170496
369,15.932447,10.0.0.1,10.0.0.2,TCP,1514,29696
370,15.944592,10.0.0.1,10.0.0.2,TCP,1514,29696
371,16.082838,10.0.0.2,10.0.0.1,TCP,78,170496
372,16.096054,10.0.0.2,10.0.0.1,TCP,78,170496
373,16.135126,10.0.0.1,10.0.0.2,TCP,1514,29696
374,16.158292,10.0.0.1,10.0.0.2,TCP,1514,29696
375,16.286413,10.0.0.2,10.0.0.1,TCP,66,170496
376,16.309532,10.0.0.2,10.0.0.1,TCP,66,170496
377,16.348647,10.0.0.1,10.0.0.2,TCP,1514,29696
378,16.372535,10.0.0.1,10.0.0.2,TCP,1514,29696
379,16.383897,10.0.0.1,10.0.0.2,TCP,1514,29696
380,16.499084,10.0.0.2,10.0.0.1,TCP,66,170496
381,16.523853,10.0.0.2,10.0.0.1,TCP,66,170496
382,16.53487,10.0.0.2,10.0.0.1,TCP,66,170496
383,16.561333,10.0.0.1,10.0.0.2,TCP,1514,29696
384,16.586103,10.0.0.1,10.0.0.2,TCP,1514,29696
385,16.598973,10.0.0.1,10.0.0.2,TCP,1514,29696
386,16.711746,10.0.0.2,10.0.0.1,TCP,66,170496
387,16.736514,10.0.0.2,10.0.0.1,TCP,66,170496
388,16.750322,10.0.0.2,10.0.0.1,TCP,66,170496
389,16.773984,10.0.0.1,10.0.0.2,TCP,1514,29696
390,16.798745,10.0.0.1,10.0.0.2,TCP,1514,29696
391,16.824691,10.0.0.1,10.0.0.2,TCP,2962,29696
392,16.925328,10.0.0.2,10.0.0.1,TCP,66,170496
393,16.950631,10.0.0.2,10.0.0.1,TCP,66,170496
394,16.976678,10.0.0.2,10.0.0.1,TCP,66,170496
395,16.987578,10.0.0.1,10.0.0.2,TCP,1514,29696
396,17.012881,10.0.0.1,10.0.0.2,TCP,1514,29696
397,17.051893,10.0.0.1,10.0.0.2,TCP,2962,29696
398,17.137981,10.0.0.2,10.0.0.1,TCP,66,170496
399,17.163379,10.0.0.2,10.0.0.1,TCP,66,170496
400,17.201118,10.0.0.1,10.0.0.2,TCP,1514,29696
401,17.203813,10.0.0.2,10.0.0.1,TCP,66,170496
402,17.226548,10.0.0.1,10.0.0.2,TCP,1514,29696
403,17.278188,10.0.0.1,10.0.0.2,TCP,2962,29696
404,17.351505,10.0.0.2,10.0.0.1,TCP,66,170496
405,17.414011,10.0.0.1,10.0.0.2,TCP,1514,29696
406,17.424484,10.0.0.2,10.0.0.1,TCP,66,170496
407,17.429069,10.0.0.2,10.0.0.1,TCP,66,170496
408,17.486982,10.0.0.1,10.0.0.2,TCP,1514,29696
409,17.511218,10.0.0.1,10.0.0.2,TCP,2962,29696
410,17.565185,10.0.0.2,10.0.0.1,TCP,78,170496
411,17.627417,10.0.0.1,10.0.0.2,TCP,1514,29696
412,17.637507,10.0.0.2,10.0.0.1,TCP,78,170496
413,17.662792,10.0.0.2,10.0.0.1,TCP,78,170496
414,17.725089,10.0.0.1,10.0.0.2,TCP,1514,29696
415,17.777773,10.0.0.2,10.0.0.1,TCP,78,170496
416,17.840056,10.0.0.1,10.0.0.2,TCP,1514,29696
417,17.876443,10.0.0.2,10.0.0.1,TCP,78,170496
418,17.938738,10.0.0.1,10.0.0.2,TCP,1514,29696
419,17.951652,10.0.0.1,10.0.0.2,TCP,1514,29696
420,17.990483,10.0.0.2,10.0.0.1,TCP,78,170496
421,18.052702,10.0.0.1,10.0.0.2,TCP,1514,29696
422,18.089994,10.0.0.2,10.0.0.1,TCP,66,170496
423,18.103015,10.0.0.2,10.0.0.1,TCP,66,170496
424,18.152258,10.0.0.1,10.0.0.2,TCP,1514,29696
425,18.177404,10.0.0.1,10.0.0.2,TCP,2962,29696
426,18.203302,10.0.0.2,10.0.0.1,TCP,66,170496
427,18.265574,10.0.0.1,10.0.0.2,TCP,1514,29696
428,18.303145,10.0.0.2,10.0.0.1,TCP,66,170496
429,18.327797,10.0.0.2,10.0.0.1,TCP,66,170496
430,18.365479,10.0.0.1,10.0.0.2,TCP,1514,29696
431,18.40309,10.0.0.1,10.0.0.2,TCP,2962,29696
432,18.414352,10.0.0.1,10.0.0.2,TCP,1514,29696
433,18.416145,10.0.0.2,10.0.0.1,TCP,66,170496
434,18.515983,10.0.0.2,10.0.0.1,TCP,66,170496
435,18.553856,10.0.0.2,10.0.0.1,TCP,66,170496
436,18.565399,10.0.0.2,10.0.0.1,TCP,66,170496
437,18.578284,10.0.0.1,10.0.0.2,TCP,1514,29696
438,18.628255,10.0.0.1,10.0.0.2,TCP,2962,29696
439,18.640408,10.0.0.1,10.0.0.2,TCP,1514,29696
440,18.729602,10.0.0.2,10.0.0.1,TCP,78,170496
441,18.779773,10.0.0.2,10.0.0.1,TCP,78,170496
442,18.790857,10.0.0.2,10.0.0.1,TCP,78,170496
443,18.791892,10.0.0.1,10.0.0.2,TCP,1514,29696
444,18.842062,10.0.0.1,10.0.0.2,TCP,1514,29696
445,18.854121,10.0.0.1,10.0.0.2,TCP,1514,29696
446,18.943214,10.0.0.2,10.0.0.1,TCP,78,170496
447,18.993396,10.0.0.2,10.0.0.1,TCP,66,170496
448,19.004474,10.0.0.2,10.0.0.1,TCP,66,170496
449,19.005486,10.0.0.1,10.0.0.2,TCP,1514,29696
450,19.055653,10.0.0.1,10.0.0.2,TCP,1514,29696
451,19.079931,10.0.0.1,10.0.0.2,TCP,2962,29696
452,19.156045,10.0.0.2,10.0.0.1,TCP,66,170496
453,19.206291,10.0.0.2,10.0.0.1,TCP,66,170496
454,19.219396,10.0.0.1,10.0.0.2,TCP,1514,29696
455,19.230443,10.0.0.2,10.0.0.1,TCP,66,170496
456,19.268662,10.0.0.1,10.0.0.2,TCP,1514,29696
457,19.304772,10.0.0.1,10.0.0.2,TCP,2962,29696
458,19.317997,10.0.0.1,10.0.0.2,TCP,1514,29696
459,19.369776,10.0.0.2,10.0.0.1,TCP,66,170496
460,19.419352,10.0.0.2,10.0.0.1,TCP,66,170496
461,19.432543,10.0.0.1,10.0.0.2,TCP,1514,29696
462,19.455351,10.0.0.2,10.0.0.1,TCP,66,170496
463,19.468791,10.0.0.2,10.0.0.1,TCP,66,170496
464,19.481834,10.0.0.1,10.0.0.2,TCP,1514,29696
465,19.529805,10.0.0.1,10.0.0.2,TCP,2962,29696
466,19.541865,10.0.0.1,10.0.0.2,TCP,1514,29696
467,19.583082,10.0.0.2,10.0.0.1,TCP,66,170496
468,19.632223,10.0.0.2,10.0.0.1,TCP,66,170496
469,19.64529,10.0.0.1,10.0.0.2,TCP,1514,29696
470,19.68035,10.0.0.2,10.0.0.1,TCP,66,170496
471,19.692668,10.0.0.2,10.0.0.1,TCP,66,170496
472,19.694447,10.0.0.1,10.0.0.2,TCP,1514,29696
473,19.754698,10.0.0.1,10.0.0.2,TCP,2962,29696
474,19.766855,10.0.0.1,10.0.0.2,TCP,1514,29696
475,19.795618,10.0.0.2,10.0.0.1,TCP,66,170496
476,19.844965,10.0.0.2,10.0.0.1,TCP,66,170496
477,19.857862,10.0.0.1,10.0.0.2,TCP,1514,29696
478,19.905185,10.0.0.2,10.0.0.1,TCP,66,170496
479,19.956127,10.0.0.2,10.0.0.1,TCP,66,170496
480,19.979541,10.0.0.1,10.0.0.2,TCP,2962,29696
481,20.030453,10.0.0.1,10.0.0.2,TCP,2962,29696
482,20.08823,10.0.0.2,10.0.0.1,TCP,66,170496
483,20.12997,10.0.0.2,10.0.0.1,TCP,78,170496
484,20.150528,10.0.0.1,10.0.0.2,TCP,1514,29696
485,20.180796,10.0.0.2,10.0.0.1,TCP,78,170496
486,20.204325,10.0.0.1,10.0.0.2,TCP,2962,29696
487,20.243065,10.0.0.1,10.0.0.2,TCP,1514,29696
488,20.301047,10.0.0.2,10.0.0.1,TCP,78,170496
489,20.354688,10.0.0.2,10.0.0.1,TCP,78,170496
490,20.364259,10.0.0.1,10.0.0.2,TCP,1514,29696
491,20.394917,10.0.0.2,10.0.0.1,TCP,66,170496
492,20.42921,10.0.0.1,10.0.0.2,TCP,2962,29696
493,20.457588,10.0.0.1,10.0.0.2,TCP,1514,29696
494,20.514791,10.0.0.2,10.0.0.1,TCP,66,170496
495,20.579663,10.0.0.2,10.0.0.1,TCP,66,170496
496,20.589149,10.0.0.1,10.0.0.2,TCP,2962,29696
497,20.608046,10.0.0.2,10.0.0.1,TCP,66,170496
498,20.654005,10.0.0.1,10.0.0.2,TCP,2962,29696
499,20.670301,10.0.0.1,10.0.0.2,TCP,1514,29696
500,20.740553,10.0.0.2,10.0.0.1,TCP,66,170496
501,20.802789,10.0.0.1,10.0.0.2,TCP,1514,29696
502,20.804964,10.0.0.2,10.0.0.1,TCP,66,170496
503,20.821003,10.0.0.2,10.0.0.1,TCP,66,170496
504,20.827122,10.0.0.1,10.0.0.2,TCP,2962,29696
505,20.879451,10.0.0.1,10.0.0.2,TCP,2962,29696
506,20.891583,10.0.0.1,10.0.0.2,TCP,1514,29696
507,20.953789,10.0.0.2,10.0.0.1,TCP,66,170496
508,20.978948,10.0.0.2,10.0.0.1,TCP,66,170496
509,21.016697,10.0.0.1,10.0.0.2,TCP,1514,29696
510,21.030309,10.0.0.2,10.0.0.1,TCP,66,170496
511,21.042394,10.0.0.2,10.0.0.1,TCP,66,170496
512,21.104639,10.0.0.1,10.0.0.2,TCP,2962,29696
513,21.116794,10.0.0.1,10.0.0.2,TCP,1514,29696
514,21.167025,10.0.0.2,10.0.0.1,TCP,66,170496
515,21.229242,10.0.0.1,10.0.0.2,TCP,1514,29696
516,21.255198,10.0.0.2,10.0.0.1,TCP,78,170496
517,21.267216,10.0.0.2,10.0.0.1,TCP,78,170496
518,21.317494,10.0.0.1,10.0.0.2,TCP,1514,29696
519,21.329613,10.0.0.1,10.0.0.2,TCP,1514,29696
520,21.379775,10.0.0.2,10.0.0.1,TCP,78,170496
521,21.442147,10.0.0.1,10.0.0.2,TCP,1514,29696
522,21.468012,10.0.0.2,10.0.0.1,TCP,78,170496
523,21.480779,10.0.0.2,10.0.0.1,TCP,66,170496
524,21.530292,10.0.0.1,10.0.0.2,TCP,1514,29696
525,21.542978,10.0.0.1,10.0.0.2,TCP,1514,29696
526,21.592598,10.0.0.2,10.0.0.1,TCP,78,170496
527,21.680688,10.0.0.2,10.0.0.1,TCP,78,170496
528,21.694364,10.0.0.2,10.0.0.1,TCP,78,170496
529,21.742944,10.0.0.1,10.0.0.2,TCP,1514,29696
530,21.755052,10.0.0.1,10.0.0.2,TCP,1514,29696
531,21.768554,10.0.0.1,10.0.0.2,TCP,1514,29696
532,21.894501,10.0.0.2,10.0.0.1,TCP,86,170496
533,21.90548,10.0.0.2,10.0.0.1,TCP,78,170496
534,21.920258,10.0.0.2,10.0.0.1,TCP,78,170496
535,21.983333,10.0.0.1,10.0.0.2,TCP,1514,29696
536,22.133856,10.0.0.2,10.0.0.1,TCP,66,170496
537,22.197118,10.0.0.1,10.0.0.2,TCP,1514,29696
538,22.347845,10.0.0.2,10.0.0.1,TCP,78,170496
539,22.410111,10.0.0.1,10.0.0.2,TCP,1514,29696
540,22.560844,10.0.0.2,10.0.0.1,TCP,78,170496
541,22.623112,10.0.0.1,10.0.0.2,TCP,1514,29696
542,22.773705,10.0.0.2,10.0.0.1,TCP,78,170496
543,22.827287,10.0.0.1,10.0.0.2,TCP,1514,29696
544,22.840222,10.0.0.1,10.0.0.2,TCP,1514,29696
545,22.978349,10.0.0.2,10.0.0.1,TCP,66,170496
546,22.991082,10.0.0.2,10.0.0.1,TCP,66,170496
547,23.040611,10.0.0.1,10.0.0.2,TCP,1514,29696
548,23.05332,10.0.0.1,10.0.0.2,TCP,1514,29696
549,23.06549,10.0.0.1,10.0.0.2,TCP,1514,29696
550,23.192385,10.0.0.2,10.0.0.1,TCP,66,170496
551,23.204749,10.0.0.2,10.0.0.1,TCP,66,170496
552,23.216821,10.0.0.2,10.0.0.1,TCP,66,170496
553,23.25462,10.0.0.1,10.0.0.2,TCP,1514,29696
554,23.267045,10.0.0.1,10.0.0.2,TCP,1514,29696
555,23.279095,10.0.0.1,10.0.0.2,TCP,1514,29696
556,23.405443,10.0.0.2,10.0.0.1,TCP,66,170496
557,23.417674,10.0.0.2,10.0.0.1,TCP,66,170496
558,23.42952,10.0.0.2,10.0.0.1,TCP,66,170496
559,23.467945,10.0.0.1,10.0.0.2,TCP,1514,29696
560,23.479962,10.0.0.1,10.0.0.2,TCP,1514,29696
561,23.493048,10.0.0.1,10.0.0.2,TCP,1514,29696
562,23.619915,10.0.0.2,10.0.0.1,TCP,66,170496
563,23.630511,10.0.0.2,10.0.0.1,TCP,66,170496
564,23.643454,10.0.0.2,10.0.0.1,TCP,66,170496
565,23.688048,10.0.0.1,10.0.0.2,TCP,2097,29696
566,23.839427,10.0.0.2,10.0.0.1,TCP,66,170496
567,23.839577,10.0.0.2,10.0.0.1,TCP,66,170496
568,23.891319,10.0.0.1,10.0.0.2,TCP,66,29696